time,low,high,open,close,volume
2022-12-11 13:00:00,17153.2,17165.23,17162.26,17155.37,49.17143108
2022-12-11 12:00:00,17145.05,17171.12,17167.4,17161.48,238.81899359
2022-12-11 11:00:00,17141.75,17170.1,17165.89,17167.84,249.93667678
2022-12-11 10:00:00,17149.82,17172.75,17167.98,17165.89,225.59941257
2022-12-11 09:00:00,17160.12,17177.64,17176.8,17169.07,131.40548617
2022-12-11 08:00:00,17155.87,17185.8,17181.5,17176.81,263.76217881
2022-12-11 07:00:00,17155,17193.79,17172.56,17181.51,300.28617959
2022-12-11 06:00:00,17164.9,17199.98,17176.61,17173.48,327.43637546
2022-12-11 05:00:00,17154.01,17190.28,17169.04,17176.67,353.40615105
2022-12-11 04:00:00,17151.64,17172.01,17155.1,17169.09,198.58659567
2022-12-11 03:00:00,17140.8,17174.51,17145.98,17155.07,365.61895276
2022-12-11 02:00:00,17141.59,17166.08,17164.26,17145.99,282.99241592
2022-12-11 01:00:00,17138.29,17168.55,17142.36,17163.07,274.7724722
2022-12-11 00:00:00,17121.76,17146.56,17128.1,17143.53,249.12056648
2022-12-10 23:00:00,17093.42,17148.73,17136.89,17128.1,503.36073104
2022-12-10 22:00:00,17111.07,17159.69,17126.2,17137.56,517.77324117
2022-12-10 21:00:00,17119.68,17178.06,17174.08,17126.99,491.43829406
2022-12-10 20:00:00,17166.88,17184.66,17177.42,17174.16,243.08772406
2022-12-10 19:00:00,17165.95,17192.58,17186.85,17176.75,274.31363116
2022-12-10 18:00:00,17167.82,17195.68,17170.15,17186.85,274.19456355
2022-12-10 17:00:00,17160.07,17203.28,17190.73,17168.23,381.08005297
2022-12-10 16:00:00,17173.13,17227.64,17208.94,17190.64,477.18164228
2022-12-10 15:00:00,17162.14,17227.15,17167.01,17209.22,682.9059083
2022-12-10 14:00:00,17144.81,17176.96,17158.34,17166.51,283.66578244
2022-12-10 13:00:00,17141.55,17193.26,17159.96,17158.61,324.07206491
2022-12-10 12:00:00,17142.11,17177.24,17168.06,17159.28,175.36845135
2022-12-10 11:00:00,17153.07,17174.05,17163.53,17168.12,245.47259645
2022-12-10 10:00:00,17141.36,17172.34,17145.08,17164,253.40821851
2022-12-10 09:00:00,17114,17148.04,17142.41,17145.47,316.25620913
2022-12-10 08:00:00,17141.08,17158.67,17155.05,17143.11,195.69791274
2022-12-10 07:00:00,17139.22,17177,17148.49,17154.21,292.515896
2022-12-10 06:00:00,17130.52,17162.91,17134.7,17148.49,238.48948261
2022-12-10 05:00:00,17133.64,17157.49,17151.17,17134.74,184.60206122
2022-12-10 04:00:00,17139.58,17161.61,17146.04,17152.14,229.20999617
2022-12-10 03:00:00,17135.32,17160.76,17141.48,17146.85,237.06899324
2022-12-10 02:00:00,17116.6,17162.1,17155.53,17141.48,348.65382379
2022-12-10 01:00:00,17149.07,17168.7,17154.08,17155.54,271.123285
2022-12-10 00:00:00,17120.36,17168.48,17130.49,17154.03,419.6463136
2022-12-09 23:00:00,17117.45,17158.37,17133.98,17130.59,399.93762565
2022-12-09 22:00:00,17105.93,17133.98,17112.82,17133.97,559.79050724
2022-12-09 21:00:00,17060.69,17125.83,17100.97,17112.85,1141.73023574
2022-12-09 20:00:00,17097.14,17152.94,17142,17101.04,929.09304752
2022-12-09 19:00:00,17122.05,17164.94,17148.68,17143.61,1024.34285315
2022-12-09 18:00:00,17119.78,17166.23,17166.23,17149.21,810.1737534
2022-12-09 17:00:00,17151.6,17173.29,17161.3,17166.37,526.25240055
2022-12-09 16:00:00,17150.66,17188.66,17181.86,17160.84,896.04001553
2022-12-09 15:00:00,17137.76,17195.84,17156.88,17182,1370.07571745
2022-12-09 14:00:00,17079.92,17173.38,17152.66,17157.42,1915.27831062
2022-12-09 13:00:00,17066.9,17276.09,17256.79,17152.7,2616.43866448
2022-12-09 12:00:00,17177.17,17352.62,17242.27,17256.79,1426.65184834
2022-12-09 11:00:00,17211.74,17258.31,17218,17241.27,423.77534125
2022-12-09 10:00:00,17204.99,17268.86,17237.66,17219.07,660.74218697
2022-12-09 09:00:00,17202.3,17256.53,17206.28,17237.67,579.20637475
2022-12-09 08:00:00,17200,17218.4,17212.72,17206.89,349.46817305
2022-12-09 07:00:00,17210.9,17236.79,17218.05,17213.03,476.10054227
2022-12-09 06:00:00,17193.72,17220.53,17218.33,17218.48,480.86105029
2022-12-09 05:00:00,17201.1,17224.65,17223.84,17218.63,278.56939327
2022-12-09 04:00:00,17189.72,17225.41,17202.85,17225.07,436.20298827
2022-12-09 03:00:00,17192.4,17232.2,17216.44,17203.06,544.2652885
2022-12-09 02:00:00,17205.86,17253.98,17235.43,17216.57,695.9674829
2022-12-09 01:00:00,17199.78,17295.24,17206.91,17235.43,1456.54703102
2022-12-09 00:00:00,17187.37,17259.48,17226.03,17207.26,979.12616643
2022-12-08 23:00:00,17180,17267.41,17204.11,17226.01,1494.49063265
2022-12-08 22:00:00,17178.82,17246.22,17184.36,17204.97,829.30149758
2022-12-08 21:00:00,17171.99,17216.94,17202.03,17182.94,796.81964696
2022-12-08 20:00:00,17157.1,17298.01,17255.37,17202.54,1492.55443142
2022-12-08 19:00:00,17185.25,17300.59,17252.78,17255.38,1903.49299262
2022-12-08 18:00:00,16961.71,17288.29,16969.08,17252.84,2897.45641767
2022-12-08 17:00:00,16935.39,16978.08,16949.48,16969.05,1018.24222164
2022-12-08 16:00:00,16910.73,16959.19,16919.13,16949.99,1076.78787733
2022-12-08 15:00:00,16883.22,16959.63,16899.6,16918.81,1788.58355678
2022-12-08 14:00:00,16827.65,16926.54,16856.97,16899.15,1222.21764846
2022-12-08 13:00:00,16803.29,16869.73,16830.5,16856.97,930.766385
2022-12-08 12:00:00,16825.82,16880.31,16850.89,16829.78,994.49681
2022-12-08 11:00:00,16738,16866.94,16824.05,16850.33,1245.39883969
2022-12-08 10:00:00,16800.01,16833.93,16803.87,16823.42,417.55238037
2022-12-08 09:00:00,16795.27,16846.91,16833.76,16803.87,383.88839172
2022-12-08 08:00:00,16818.59,16839.77,16825.88,16834.01,368.66389279
2022-12-08 07:00:00,16801.62,16845.9,16804.78,16825.89,480.34128974
2022-12-08 06:00:00,16785.66,16819.93,16819.93,16804.71,384.65763782
2022-12-08 05:00:00,16801.01,16827.8,16814.78,16819.97,361.58278114
2022-12-08 04:00:00,16808.98,16847.19,16831.45,16816.03,457.65913799
2022-12-08 03:00:00,16824.85,16863.91,16844.86,16833,510.22737729
2022-12-08 02:00:00,16807.47,16880.97,16830.81,16844.05,719.79543947
2022-12-08 01:00:00,16782.24,16845.78,16813.72,16830.98,1000.8014732
2022-12-08 00:00:00,16811.11,16890,16839.76,16814.86,757.4557781
2022-12-07 23:00:00,16827.46,16866.03,16841.85,16840,858.27400042
2022-12-07 22:00:00,16795.51,16861.18,16829.68,16841.86,755.88786638
2022-12-07 21:00:00,16806.3,16834.45,16823.05,16829.72,534.81525585
2022-12-07 20:00:00,16800.26,16891.43,16814.26,16821.46,949.58977646
2022-12-07 19:00:00,16782.9,16831.22,16783.54,16814.5,719.7473573
2022-12-07 18:00:00,16782.99,16839.63,16805.52,16784.32,661.55961081
2022-12-07 17:00:00,16798.08,16825.6,16810.87,16804.76,821.17532093
2022-12-07 16:00:00,16778.15,16850.85,16838.66,16810.86,1195.37355972
2022-12-07 15:00:00,16810.03,16859.31,16838.22,16838.66,1743.36531961
2022-12-07 14:00:00,16821.44,16897.13,16856.29,16838.21,1328.40772691
2022-12-07 13:00:00,16793.98,16873.05,16794.93,16855.91,1144.08664651
2022-12-07 12:00:00,16767.69,16811.71,16794.62,16795.55,932.94895637
2022-12-07 11:00:00,16781.11,16834.01,16825.89,16795.23,666.10315602
2022-12-07 10:00:00,16788.56,16836.12,16836.12,16826.78,762.95743169
2022-12-07 09:00:00,16791.12,16837.68,16794.95,16834.9,867.19686129
2022-12-07 08:00:00,16679.52,16817.38,16762.96,16794.96,1643.24252248
2022-12-07 07:00:00,16728.82,16959.32,16956.12,16763.05,2725.27285944
2022-12-07 06:00:00,16933.46,17008.03,17005.22,16956.81,762.22131581
2022-12-07 05:00:00,16976.44,17046.47,17040.86,17005.92,521.14872729
2022-12-07 04:00:00,17014.56,17044.9,17025.47,17040.36,355.28273607
2022-12-07 03:00:00,17020.44,17055.97,17055.97,17025.61,440.40001748
2022-12-07 02:00:00,17034.12,17066.78,17041.03,17055.97,460.80262689
2022-12-07 01:00:00,17021.3,17075.73,17065.62,17042.25,802.71320929
2022-12-07 00:00:00,17046.01,17140.22,17089.18,17065.65,982.89562691
2022-12-06 23:00:00,16972.91,17111.35,16974.77,17089.05,2020.78944292
2022-12-06 22:00:00,16958.96,16997.7,16993.6,16975.16,447.40713298
2022-12-06 21:00:00,16974.85,17010.55,16990.04,16992.75,931.84427986
2022-12-06 20:00:00,16951.04,16996.2,16970.25,16990.26,1383.37964108
2022-12-06 19:00:00,16925.02,16987.47,16971.45,16969.85,1272.46827134
2022-12-06 18:00:00,16912.14,16998.2,16961,16972.05,1512.62333128
2022-12-06 17:00:00,16945.71,17007.62,16986.38,16961.47,1133.7958542
2022-12-06 16:00:00,16968.38,17020.69,16984.59,16986.97,1329.64526888
2022-12-06 15:00:00,16930.84,17024.53,16973.5,16984.59,2219.0590056
2022-12-06 14:00:00,16959.68,17019.18,16986.02,16972.33,1767.26501232
2022-12-06 13:00:00,16976.31,17032.54,16996.22,16985.8,945.50403967
2022-12-06 12:00:00,16977.62,17022.84,16986.05,16997.34,840.13594602
2022-12-06 11:00:00,16904.04,16993.78,16968.75,16986.17,1339.3596265
2022-12-06 10:00:00,16938.54,16989.26,16976.56,16968.63,1233.83050126
2022-12-06 09:00:00,16974.05,17039.13,17035.77,16976.57,869.60116673
2022-12-06 08:00:00,16972.83,17044.68,17003.98,17035.52,1004.48784499
2022-12-06 07:00:00,16991.2,17022.95,17003.26,17004.08,563.08208974
2022-12-06 06:00:00,16955.95,17023.6,16977.65,17004.25,649.8263715
2022-12-06 05:00:00,16964.52,17008.6,17002.88,16977.47,623.32287147
2022-12-06 04:00:00,16965.75,17014.78,17003.13,17003.64,846.57066006
2022-12-06 03:00:00,16994.91,17060.61,17035.21,17003.13,781.20068057
2022-12-06 02:00:00,17010.72,17083.49,17032.8,17035.22,837.336732
2022-12-06 01:00:00,17025.71,17102.77,17045,17032.81,1126.81075719
2022-12-06 00:00:00,16964.5,17050.96,16966.05,17044.77,1014.26358894
2022-12-05 23:00:00,16920,16988,16945.01,16966.05,905.00726162
2022-12-05 22:00:00,16929.86,16975.88,16975.02,16944.86,637.56412411
2022-12-05 21:00:00,16930.97,16978.95,16938.41,16974.09,681.11610776
2022-12-05 20:00:00,16900.61,16950.81,16928.59,16938.49,1292.99480198
2022-12-05 19:00:00,16865.22,17061.13,17047.77,16928.5,2864.21292961
2022-12-05 18:00:00,17035.55,17130.37,17055.88,17048.9,1808.05066394
2022-12-05 17:00:00,17000,17089.29,17043.65,17056.09,2048.64511665
2022-12-05 16:00:00,16983.42,17106.81,17086.59,17044.76,1971.57155269
2022-12-05 15:00:00,17018.05,17207.22,17207.22,17086.57,3575.20283955
2022-12-05 14:00:00,17172.33,17241.11,17232.43,17208.7,1253.74932245
2022-12-05 13:00:00,17211.69,17287.45,17256.5,17233.48,781.33931284
2022-12-05 12:00:00,17233.14,17313.6,17312.33,17256.5,846.47057527
2022-12-05 11:00:00,17285.62,17317.48,17302.39,17312.32,707.98634925
2022-12-05 10:00:00,17288.07,17329.66,17308.3,17302.79,517.28952891
2022-12-05 09:00:00,17285.69,17366.41,17361.09,17309.21,974.53599934
2022-12-05 08:00:00,17302.57,17390.89,17316.64,17361.09,1691.36360014
2022-12-05 07:00:00,17296.7,17366.54,17310.81,17316.43,843.02839295
2022-12-05 06:00:00,17288,17351.01,17344.72,17310.81,975.70672745
2022-12-05 05:00:00,17306.83,17413.02,17359.7,17344.7,1885.1446528
2022-12-05 04:00:00,17196.09,17424.59,17201.35,17360.61,1671.93987613
2022-12-05 03:00:00,17190.65,17285.09,17249.78,17201.66,1174.81297476
2022-12-05 02:00:00,17235.73,17341.35,17271.34,17248.93,1384.52197354
2022-12-05 01:00:00,17197.57,17299.98,17217.25,17272.35,1057.07355781
2022-12-05 00:00:00,17080.41,17270.49,17108.9,17217.37,2069.12284871
2022-12-04 23:00:00,17082.83,17199.99,17106.02,17108.9,1395.67785186
2022-12-04 22:00:00,17079.47,17136.53,17113.31,17106.8,562.3541508
2022-12-04 21:00:00,17077.65,17123.38,17093.49,17113.31,543.63340205
2022-12-04 20:00:00,17072.16,17128.84,17089.25,17093.99,806.7634495
2022-12-04 19:00:00,17051.54,17107.83,17067.62,17089.25,1200.57866949
2022-12-04 18:00:00,17038.62,17158.9,17053.78,17068.79,2186.84220812
2022-12-04 17:00:00,16975.86,17062.61,17018.06,17056.13,700.21014893
2022-12-04 16:00:00,17006.5,17103.24,17030.51,17017.77,878.58192484
2022-12-04 15:00:00,17008.24,17068.04,17009.16,17030.52,1079.24640604
2022-12-04 14:00:00,16933.36,17015.53,16949.99,17008.31,609.64552527
2022-12-04 13:00:00,16918.98,16963.08,16960.47,16949.14,322.69055092
2022-12-04 12:00:00,16930.19,16967.26,16950.9,16961.54,405.39333446
2022-12-04 11:00:00,16907.92,17007.57,17003.76,16950.27,676.52608897
2022-12-04 10:00:00,16994.02,17011,17002.92,17003.95,331.63924542
2022-12-04 09:00:00,17001.35,17033.95,17014.79,17002.44,374.83137489
2022-12-04 08:00:00,16979.12,17050,16998.6,17015.78,542.01700135
2022-12-04 07:00:00,16993.53,17015.17,17003.2,16998.62,292.35543046
2022-12-04 06:00:00,16996.62,17045.3,17016.65,17001.81,489.53207315
2022-12-04 05:00:00,17002.05,17076.16,17009.93,17017.83,772.18268519
2022-12-04 04:00:00,16960.04,17022.4,16962.71,17009.93,405.21058921
2022-12-04 03:00:00,16953.06,16983.23,16976.39,16962.71,265.13875532
2022-12-04 02:00:00,16946.19,16988.52,16967.87,16975.56,330.28991953
2022-12-04 01:00:00,16937.78,17049,16949,16968.97,822.18093885
2022-12-04 00:00:00,16882.86,16968.39,16889.17,16949,967.58656377
2022-12-03 23:00:00,16873.94,16919.23,16902.34,16888.53,773.89893678
2022-12-03 22:00:00,16863.58,16951.13,16947.54,16903.58,1070.76131322
2022-12-03 21:00:00,16875.98,16950,16934.95,16948.16,991.68707714
2022-12-03 20:00:00,16912.97,16960.62,16953.79,16935.37,381.24851318
2022-12-03 19:00:00,16938.34,16973.6,16970.23,16954.39,351.73544865
2022-12-03 18:00:00,16949.48,16985.33,16973.04,16970.12,357.63170946
2022-12-03 17:00:00,16939.46,16984.99,16954.5,16972.16,550.80208856
2022-12-03 16:00:00,16944.01,16969.27,16963.52,16954.76,488.25393593
2022-12-03 15:00:00,16942.77,16982.16,16947.86,16963.07,396.62740166
2022-12-03 14:00:00,16923,16956.67,16955.07,16948.65,558.77081543
2022-12-03 13:00:00,16943,16967.43,16966.27,16955.07,407.45313644
2022-12-03 12:00:00,16932.99,16971.24,16947.29,16966.23,372.05341576
2022-12-03 11:00:00,16890.11,16966.86,16964.24,16947.29,771.05956586
2022-12-03 10:00:00,16952.21,16986.26,16981.61,16965.28,387.82679051
2022-12-03 09:00:00,16933.31,16991.14,16949.24,16982.32,639.65610731
2022-12-03 08:00:00,16917.48,16969.79,16967.21,16949.15,635.91753278
2022-12-03 07:00:00,16927.19,16986,16977.98,16967.21,671.19318752
2022-12-03 06:00:00,16946.42,17020.76,17018.76,16978.51,937.29984823
2022-12-03 05:00:00,17012.7,17030.18,17018.06,17018.77,268.64627548
2022-12-03 04:00:00,17010.48,17037.68,17023.16,17018.06,442.20975381
2022-12-03 03:00:00,17012.59,17034.55,17031.19,17023.17,374.20811345
2022-12-03 02:00:00,17014.63,17060.79,17052.4,17032.53,472.33951608
2022-12-03 01:00:00,17015.16,17057.02,17048.93,17052.74,522.8365911
2022-12-03 00:00:00,17039.42,17158.42,17094.25,17049.74,1257.33359726
2022-12-02 23:00:00,17042.62,17098.11,17042.88,17094.71,879.8121265
2022-12-02 22:00:00,17011.79,17077,17014.06,17041.94,783.31379268
2022-12-02 21:00:00,16996.12,17049.04,17030.41,17014.06,754.00040163
2022-12-02 20:00:00,16980.69,17061.11,16989.3,17029.7,1393.68933612
2022-12-02 19:00:00,16930.58,16997.37,16954.45,16988.16,824.56282236
2022-12-02 18:00:00,16931.29,16967.74,16935.06,16955.36,626.52459355
2022-12-02 17:00:00,16928.99,16974.22,16937.1,16936.32,835.17235512
2022-12-02 16:00:00,16902.13,16954,16939.31,16937.09,1658.25305079
2022-12-02 15:00:00,16893.61,16982.13,16909.92,16940.9,1531.81637429
2022-12-02 14:00:00,16856.46,16985.95,16892.74,16910.88,2198.22589753
2022-12-02 13:00:00,16791.02,17108.25,17033.17,16891.58,3508.08042897
2022-12-02 12:00:00,16988.69,17049.97,16998.86,17033.16,807.63233497
2022-12-02 11:00:00,16956.22,17050,16971.74,16998.85,1038.90599605
2022-12-02 10:00:00,16949.65,16978.24,16966.45,16972.79,312.34122394
2022-12-02 09:00:00,16958.84,16991.52,16965.64,16966.8,410.22716609
2022-12-02 08:00:00,16938.42,16974.38,16957.52,16966.89,441.78362059
2022-12-02 07:00:00,16909.99,16975,16912.27,16957.53,545.96299641
2022-12-02 06:00:00,16909.42,16955.09,16937.83,16912.66,365.14951552
2022-12-02 05:00:00,16925.85,16947.17,16930.19,16937.83,326.27336608
2022-12-02 04:00:00,16881.6,16936.28,16903.5,16931.05,447.94432375
2022-12-02 03:00:00,16892.68,16932.74,16921.82,16903.92,461.80829038
2022-12-02 02:00:00,16861.78,16945.05,16927.07,16921.82,938.27054858
2022-12-02 01:00:00,16872.18,17049.99,17041.12,16926.42,1113.86345563
2022-12-02 00:00:00,16954.47,17049.01,16980.07,17041.74,892.82284972
2022-12-01 23:00:00,16941.88,16981.16,16967.8,16980.08,654.68838559
2022-12-01 22:00:00,16921.59,16990,16925.2,16967.91,629.69155478
2022-12-01 21:00:00,16863.75,16941.59,16913.03,16923.77,1144.79295815
2022-12-01 20:00:00,16902.02,16965.66,16952.74,16913.64,1580.68521519
2022-12-01 19:00:00,16855,16961.1,16933.3,16953.18,1262.66882558
2022-12-01 18:00:00,16908.21,16974.5,16966.98,16933.3,1410.68640833
2022-12-01 17:00:00,16915,16991.77,16982.74,16967.59,1452.50116594
2022-12-01 16:00:00,16866.59,16997.37,16973.85,16982.8,2253.94580492
2022-12-01 15:00:00,16895,17148.11,17108.41,16973.7,3311.13152264
2022-12-01 14:00:00,17022.84,17144.85,17089.76,17107.35,3070.40405655
2022-12-01 13:00:00,16976,17317.8,17138.11,17089.77,2390.52977113
2022-12-01 12:00:00,17101.01,17158.39,17102.82,17136.84,972.72008642
2022-12-01 11:00:00,17041.92,17106.34,17095,17103.8,720.78596398
2022-12-01 10:00:00,17087.33,17113.18,17110.99,17096.28,398.86912538
2022-12-01 09:00:00,17084.89,17118.28,17110.94,17110.69,598.09039087
2022-12-01 08:00:00,17056.8,17133.86,17068.07,17110.95,811.51620866
2022-12-01 07:00:00,17062.6,17122.81,17118.3,17068.06,576.29887324
2022-12-01 06:00:00,17085.97,17129.2,17111.31,17118.18,538.94214153
2022-12-01 05:00:00,17059.87,17153.03,17142.02,17111.33,983.06535389
2022-12-01 04:00:00,17127.69,17168.35,17152.07,17142.96,920.13812141
2022-12-01 03:00:00,17121.41,17171.19,17124.12,17152.07,1069.44309371
2022-12-01 02:00:00,17086.18,17143.38,17116.75,17121.98,1129.25010944
2022-12-01 01:00:00,17108.69,17171.7,17162.23,17116.6,1371.48656165
2022-12-01 00:00:00,17124.02,17236.91,17165.44,17164.56,2546.6598193
2022-11-30 23:00:00,17105.53,17228.8,17149.11,17167.33,2314.42612957
2022-11-30 22:00:00,17070.14,17259.37,17106.91,17151.06,1147.24705687
2022-11-30 21:00:00,17027.75,17112.52,17097.59,17106.91,1473.98682482
2022-11-30 20:00:00,17030.97,17101.22,17062.56,17099.77,1509.28089615
2022-11-30 19:00:00,16916.53,17148.31,16918.3,17062.49,4668.0180378
2022-11-30 18:00:00,16705.09,16982.95,16787.97,16919.92,3356.94876079
2022-11-30 17:00:00,16720.36,16878.7,16864.84,16788.96,1965.87440733
2022-11-30 16:00:00,16837.64,16913,16877.35,16865.02,1398.1108441
2022-11-30 15:00:00,16798.3,16884.23,16849.21,16875.63,1718.49494911
2022-11-30 14:00:00,16804.64,16883.87,16808.17,16849.26,2007.075961
2022-11-30 13:00:00,16764.26,16896.3,16774.47,16808.2,2018.76351206
2022-11-30 12:00:00,16765.19,16889.82,16881.3,16775.29,1093.97660087
2022-11-30 11:00:00,16867.5,16901.45,16870.25,16881.34,548.9657896
2022-11-30 10:00:00,16867.46,16899.29,16880.33,16870.29,382.05736054
2022-11-30 09:00:00,16834.19,16904.28,16888.34,16878.97,791.74273465
2022-11-30 08:00:00,16873.19,16929.46,16882.05,16888.56,859.37651545
2022-11-30 07:00:00,16856.59,16918.24,16858.26,16881.48,863.23574528
2022-11-30 06:00:00,16824.82,16868.64,16860.81,16859.6,989.86902688
2022-11-30 05:00:00,16858.9,16910.57,16873.05,16860.53,895.54168955
2022-11-30 04:00:00,16814.31,16885.47,16837.7,16874.81,1242.97097483
2022-11-30 03:00:00,16834.8,16971.84,16953.42,16837.98,1780.67928997
2022-11-30 02:00:00,16872.78,17077,16874.16,16952.53,3625.58951361
2022-11-30 01:00:00,16803,16942.73,16841.81,16875.24,2561.0919084
2022-11-30 00:00:00,16423.37,16899.99,16437.94,16840.52,3304.28719362
2022-11-29 23:00:00,16420,16520,16489.13,16438,767.92120316
2022-11-29 22:00:00,16447.16,16495.79,16459.11,16489.95,638.61307527
2022-11-29 21:00:00,16407.01,16492.8,16490.4,16459.16,1006.19418423
2022-11-29 20:00:00,16415.17,16500.13,16419.99,16490.42,1209.66433349
2022-11-29 19:00:00,16412.01,16473.82,16413.97,16419.98,914.69848024
2022-11-29 18:00:00,16349.35,16429.24,16372.41,16414.75,798.19832059
2022-11-29 17:00:00,16351.84,16420.66,16404.74,16370.65,894.69704231
2022-11-29 16:00:00,16335.44,16420.07,16387.9,16404.76,1071.69375399
2022-11-29 15:00:00,16336.08,16449.91,16355.63,16387.42,1228.93902822
2022-11-29 14:00:00,16320.02,16454.96,16405.22,16355.63,1321.32512265
2022-11-29 13:00:00,16375,16482.9,16480.22,16405.91,724.72975047
2022-11-29 12:00:00,16462.49,16502.3,16490.33,16481.14,427.68018594
2022-11-29 11:00:00,16481.57,16535.27,16499.65,16490.65,489.34143201
2022-11-29 10:00:00,16480.11,16528.97,16510.91,16499.67,592.24603836
2022-11-29 09:00:00,16473.89,16520.59,16489.92,16510.92,468.76653073
2022-11-29 08:00:00,16421.62,16541.72,16456.06,16490.93,951.56556184
2022-11-29 07:00:00,16450.22,16500,16456.48,16457.93,557.10252672
2022-11-29 06:00:00,16441.72,16506.5,16477.55,16456.5,579.11412767
2022-11-29 05:00:00,16424.21,16527,16426.05,16477.55,1167.23529375
2022-11-29 04:00:00,16270.51,16480,16278.05,16425.35,2042.13191604
2022-11-29 03:00:00,16249,16295.72,16255.39,16278.23,768.4141309
2022-11-29 02:00:00,16239.17,16297.39,16243.27,16255.46,891.92880789
2022-11-29 01:00:00,16164.13,16300,16171.35,16243.16,935.20817114
2022-11-29 00:00:00,16092.53,16218,16206.23,16172.08,1454.57577049
2022-11-28 23:00:00,16190,16239.5,16214.17,16206.3,826.28435821
2022-11-28 22:00:00,16189.37,16228.31,16193.21,16214.17,574.31013192
2022-11-28 21:00:00,16180.8,16256.46,16250.46,16193.22,1005.86511173
2022-11-28 20:00:00,16201.96,16264.12,16218.01,16252.16,1005.31252368
2022-11-28 19:00:00,16144.14,16248.33,16152.8,16217.01,1062.88993897
2022-11-28 18:00:00,16137.97,16225.31,16197.92,16154.84,1489.35572433
2022-11-28 17:00:00,16186.14,16380.68,16303.55,16197.98,2208.81172048
2022-11-28 16:00:00,15992.64,16386.01,16138.27,16303.55,3379.13275007
2022-11-28 15:00:00,16113.97,16229.1,16209.01,16138.27,2024.77204578
2022-11-28 14:00:00,16163.1,16299.23,16171.72,16208.22,1616.16645515
2022-11-28 13:00:00,16141.73,16205.94,16176.68,16171.72,881.80520862
2022-11-28 12:00:00,16154.81,16232.04,16205.81,16177.79,923.11915115
2022-11-28 11:00:00,16185.39,16222.42,16189.08,16205.81,603.83126775
2022-11-28 10:00:00,16171.94,16217.45,16210,16190.21,628.24503314
2022-11-28 09:00:00,16182.35,16241.12,16228.9,16210.2,719.21003664
2022-11-28 08:00:00,16186.04,16263.16,16216.73,16228.54,1042.79001455
2022-11-28 07:00:00,16183.41,16228.31,16203.85,16217.8,613.99266314
2022-11-28 06:00:00,16132.02,16209.03,16151.74,16204.54,779.14664547
2022-11-28 05:00:00,16140.95,16220.34,16202.74,16151.13,760.91187204
2022-11-28 04:00:00,16159.66,16240.07,16170.3,16202.74,786.98270178
2022-11-28 03:00:00,16096.08,16197.85,16109.15,16169.51,806.71235818
2022-11-28 02:00:00,16044.99,16186.44,16134.59,16109.41,2057.73713377
2022-11-28 01:00:00,16085,16462.8,16437,16134.89,3733.5835021
2022-11-28 00:00:00,16408.82,16478.32,16421.63,16439.48,805.27921802
2022-11-27 23:00:00,16395,16566.04,16562.48,16419.88,2635.6844905
2022-11-27 22:00:00,16548.69,16588.46,16570.11,16562.87,536.69695381
2022-11-27 21:00:00,16547.87,16586.24,16550.84,16570.16,364.63062926
2022-11-27 20:00:00,16538.71,16564.35,16546.35,16551.85,310.74308915
2022-11-27 19:00:00,16526.16,16559.49,16556.06,16548.01,231.55077172
2022-11-27 18:00:00,16521.68,16558.2,16523.91,16557.18,274.44999675
2022-11-27 17:00:00,16511.2,16539.62,16529.93,16523.91,343.23826257
2022-11-27 16:00:00,16524.43,16571.57,16564.49,16529.99,413.80552328
2022-11-27 15:00:00,16509.72,16576.9,16530.92,16564.49,460.84849683
2022-11-27 14:00:00,16510.35,16547.92,16530.02,16531,313.45051691
2022-11-27 13:00:00,16512.84,16555.46,16549.12,16531.21,297.8332344
2022-11-27 12:00:00,16526.9,16570.09,16540.17,16548.97,362.61311855
2022-11-27 11:00:00,16516.6,16551.88,16532.69,16541.2,230.27647237
2022-11-27 10:00:00,16502.1,16583.86,16512.14,16531.27,455.41939966
2022-11-27 09:00:00,16504.14,16537.54,16522.18,16513.11,223.63813617
2022-11-27 08:00:00,16511.81,16573.97,16553.12,16521.79,259.18993951
2022-11-27 07:00:00,16539.95,16562.59,16544.16,16554.25,155.66252663
2022-11-27 06:00:00,16527.14,16585.89,16528.55,16545.16,431.64706029
2022-11-27 05:00:00,16524,16569.84,16554.51,16528.55,391.13219165
2022-11-27 04:00:00,16515.19,16589.43,16517.45,16555.7,622.69365579
2022-11-27 03:00:00,16508.87,16559.98,16516.87,16517.35,414.2740872
2022-11-27 02:00:00,16474.61,16526.25,16475.31,16518.22,355.78857856
2022-11-27 01:00:00,16452.12,16499,16453.74,16475.31,245.68661026
2022-11-27 00:00:00,16439.7,16494.09,16450.32,16455.24,494.74151139
2022-11-26 23:00:00,16409.5,16476.71,16417.21,16450.93,673.39317461
2022-11-26 22:00:00,16376.1,16508.35,16503.46,16417.21,568.51264466
2022-11-26 21:00:00,16486.16,16537.16,16494.67,16504.59,370.98158186
2022-11-26 20:00:00,16478.92,16509.39,16482.1,16494.55,200.46659024
2022-11-26 19:00:00,16411.36,16488.3,16467.96,16482.11,444.64629469
2022-11-26 18:00:00,16450.34,16516.07,16507.94,16469.09,275.88939598
2022-11-26 17:00:00,16482.5,16520.91,16499.03,16508,350.09172762
2022-11-26 16:00:00,16487.52,16523.25,16504.18,16498.57,445.0675987
2022-11-26 15:00:00,16472.85,16572.51,16559.09,16504.2,778.21090524
2022-11-26 14:00:00,16526.9,16673.51,16589.76,16559.09,986.23723501
2022-11-26 13:00:00,16568.8,16603.82,16571.78,16589.33,389.43458159
2022-11-26 12:00:00,16550.46,16588.3,16572.1,16573.24,416.92776132
2022-11-26 11:00:00,16548.12,16597.2,16585.32,16572.14,418.59447322
2022-11-26 10:00:00,16572.98,16626.55,16579.93,16585.32,360.46770849
2022-11-26 09:00:00,16561.87,16593.45,16563.37,16581.53,289.83894136
2022-11-26 08:00:00,16557.84,16586.25,16574.46,16563.4,458.6579389
2022-11-26 07:00:00,16521,16588.85,16549.1,16573.62,405.90191464
2022-11-26 06:00:00,16524.75,16616.3,16615.96,16547.38,536.52152299
2022-11-26 05:00:00,16609.4,16643.61,16621.41,16616.09,387.48540964
2022-11-26 04:00:00,16590.8,16634.35,16615.12,16619.75,499.84314488
2022-11-26 03:00:00,16591.83,16635.82,16619.19,16616.6,336.30785617
2022-11-26 02:00:00,16609.17,16656.64,16623.23,16620.77,585.44271926
2022-11-26 01:00:00,16565.8,16693.18,16567.15,16624.91,1174.89653347
2022-11-26 00:00:00,16499.84,16578.91,16510.9,16567.79,954.75305259
2022-11-25 23:00:00,16485.44,16564.29,16519.66,16510.9,692.09710073
2022-11-25 22:00:00,16472.01,16529.47,16491.62,16519.77,557.28483778
2022-11-25 21:00:00,16481.28,16528.07,16516.22,16491.64,637.57206406
2022-11-25 20:00:00,16506.87,16608.29,16512.65,16516.57,1014.98082553
2022-11-25 19:00:00,16481.08,16536.64,16482.68,16511.38,775.32486395
2022-11-25 18:00:00,16464.86,16515.21,16498.69,16483.29,681.01069688
2022-11-25 17:00:00,16461.83,16524.6,16474.86,16498.69,753.44869086
2022-11-25 16:00:00,16446.36,16506.12,16500.94,16473.84,873.35743836
2022-11-25 15:00:00,16466.76,16558.1,16527.17,16502.16,1409.87750262
2022-11-25 14:00:00,16427.42,16535.87,16477.8,16527.18,1057.92824109
2022-11-25 13:00:00,16458.54,16507.68,16493.67,16477.8,861.19166276
2022-11-25 12:00:00,16488.34,16571.26,16518.62,16493.67,880.51708345
2022-11-25 11:00:00,16459.7,16581.08,16466.29,16518.62,1239.13688965
2022-11-25 10:00:00,16398.73,16507.84,16431.95,16466.33,843.88396766
2022-11-25 09:00:00,16418.23,16470.52,16437.1,16431.91,620.9341507
2022-11-25 08:00:00,16411.06,16483.9,16452.05,16438.25,535.62420822
2022-11-25 07:00:00,16402.55,16462.73,16413.24,16452.08,666.63111459
2022-11-25 06:00:00,16333,16433.46,16348.82,16413.25,929.06691409
2022-11-25 05:00:00,16347,16408.55,16378.5,16347.95,959.30728503
2022-11-25 04:00:00,16340.9,16489.36,16474.04,16378.52,1698.83054378
2022-11-25 03:00:00,16461.09,16516.33,16515.08,16474.07,742.64026254
2022-11-25 02:00:00,16458.54,16522.48,16516.67,16516.85,859.48362143
2022-11-25 01:00:00,16501,16546.06,16518.29,16516.53,440.39427957
2022-11-25 00:00:00,16498.93,16610.08,16587.6,16516.68,1070.38732784
2022-11-24 23:00:00,16549.19,16611.4,16597.65,16587.61,788.41544903
2022-11-24 22:00:00,16529.26,16624.39,16539.94,16599.3,570.40444193
2022-11-24 21:00:00,16521.32,16563.1,16554.21,16539.97,716.86055212
2022-11-24 20:00:00,16536.87,16582.21,16564.77,16553.57,731.38853227
2022-11-24 19:00:00,16540.11,16589.92,16571.8,16564.77,635.67187699
2022-11-24 18:00:00,16529.63,16591.56,16573.05,16571.65,798.38071744
2022-11-24 17:00:00,16568.47,16654.52,16606.86,16574.06,1100.06030617
2022-11-24 16:00:00,16505.53,16666.87,16548.41,16606.73,1346.09013324
2022-11-24 15:00:00,16485.32,16569.49,16521.05,16546.89,521.46701826
2022-11-24 14:00:00,16450.62,16581.94,16575.83,16521.07,1214.6835653
2022-11-24 13:00:00,16518.78,16593.19,16525.65,16575.83,826.00965319
2022-11-24 12:00:00,16484.46,16574.86,16559.17,16527.01,827.98854474
2022-11-24 11:00:00,16518.23,16568.23,16543.88,16559.78,900.05121853
2022-11-24 10:00:00,16480.97,16601.26,16587.06,16544.69,839.07550095
2022-11-24 09:00:00,16542.2,16605.34,16577.45,16587.46,511.60263755
2022-11-24 08:00:00,16506.47,16627.14,16609.94,16577.45,1033.67028587
2022-11-24 07:00:00,16600.06,16697.53,16689.7,16608.06,1100.99838973
2022-11-24 06:00:00,16622.76,16704.87,16641.52,16690.15,1424.41623254
2022-11-24 05:00:00,16631.58,16688.75,16682.19,16642.36,683.42249049
2022-11-24 04:00:00,16642.54,16726.38,16700.55,16682.19,715.98399086
2022-11-24 03:00:00,16671.74,16762.3,16682.27,16700.28,676.98629433
2022-11-24 02:00:00,16663.16,16797.28,16732.42,16680.71,1139.37532459
2022-11-24 01:00:00,16521.96,16780.53,16546.43,16732.42,1780.05241525
2022-11-24 00:00:00,16518.53,16608.35,16585.83,16546.81,936.44940207
2022-11-23 23:00:00,16478.31,16657.74,16491.89,16587,1303.54825604
2022-11-23 22:00:00,16441.12,16520.1,16467.56,16491.9,1041.91437899
2022-11-23 21:00:00,16457.89,16604.58,16604.38,16468.17,1719.76719496
2022-11-23 20:00:00,16408.98,16609.61,16456.07,16603.28,1799.85662876
2022-11-23 19:00:00,16376.22,16700,16508.08,16456.07,4486.20527949
2022-11-23 18:00:00,16360.86,16557.84,16370.74,16508.16,1443.76528235
2022-11-23 17:00:00,16309.15,16380.38,16316.13,16371.46,1423.86727828
2022-11-23 16:00:00,16301.5,16447.13,16408.35,16317.11,1408.67743306
2022-11-23 15:00:00,16383.01,16491.83,16449.13,16408.34,1700.01707918
2022-11-23 14:00:00,16324.89,16470.57,16373.86,16449.13,2582.29809115
2022-11-23 13:00:00,16367.8,16528.57,16495.65,16374.58,1557.18882424
2022-11-23 12:00:00,16467.17,16584.35,16568.67,16493.83,1064.46856537
2022-11-23 11:00:00,16548.37,16619.7,16589.97,16568.68,830.01890448
2022-11-23 10:00:00,16509.62,16650,16546.42,16591.21,1054.86796842
2022-11-23 09:00:00,16500.01,16579.73,16518.7,16546.59,729.51385308
2022-11-23 08:00:00,16481.43,16620.38,16564.53,16518.8,1151.71524067
2022-11-23 07:00:00,16445,16624.91,16480.7,16564.58,1443.86712802
2022-11-23 06:00:00,16429.15,16501.07,16442.78,16480.72,969.44682517
2022-11-23 05:00:00,16426.18,16517.32,16489.72,16444.83,979.80632502
2022-11-23 04:00:00,16463.92,16568.36,16563.22,16491.06,1181.14262029
2022-11-23 03:00:00,16435.88,16569.41,16491.09,16563.97,1684.19247526
2022-11-23 02:00:00,16192.55,16528.33,16201.63,16493.96,3269.64074939
2022-11-23 01:00:00,16142.99,16215.43,16162.35,16201.63,891.42498554
2022-11-23 00:00:00,16146.89,16236.01,16201.15,16161.3,1425.85472675
2022-11-22 23:00:00,16133.17,16210.87,16156.59,16199.71,1641.61014076
2022-11-22 22:00:00,16071.15,16220.51,16120.19,16154.75,1982.66639495
2022-11-22 21:00:00,16063.19,16156.52,16114.68,16122.33,1671.32094491
2022-11-22 20:00:00,16106.1,16174.47,16149.81,16113.35,1917.59010094
2022-11-22 19:00:00,16080.84,16226.53,16119.83,16149.3,2159.0855656
2022-11-22 18:00:00,16031.58,16155.8,16062.29,16121.87,1788.06723496
2022-11-22 17:00:00,16041.28,16189.99,16153.54,16064.91,1789.15360659
2022-11-22 16:00:00,16135.65,16272,16226.4,16152.02,2091.94714523
2022-11-22 15:00:00,16093.98,16294.5,16097.88,16224.03,3984.81102795
2022-11-22 14:00:00,16020.35,16198.38,16152.18,16097.24,2849.05979404
2022-11-22 13:00:00,15808.6,16203,15816.76,16155.51,4714.56554777
2022-11-22 12:00:00,15664.89,15843.45,15728.73,15818.68,1727.31967593
2022-11-22 11:00:00,15681.06,15796.52,15779.38,15729.24,1052.21145054
2022-11-22 10:00:00,15641.88,15802.31,15666.84,15779.41,1099.66444029
2022-11-22 09:00:00,15651.28,15754.84,15711.55,15668.33,1156.43975162
2022-11-22 08:00:00,15639.61,15748.81,15740.88,15710.96,1319.40613051
2022-11-22 07:00:00,15596.22,15761.82,15665.54,15742.36,1386.81674152
2022-11-22 06:00:00,15638.98,15798.84,15781.42,15665.07,2067.28281027
2022-11-22 05:00:00,15753.44,15859.53,15801.85,15781.42,1073.97419442
2022-11-22 04:00:00,15779.57,15842.69,15825.46,15799.31,767.21091011
2022-11-22 03:00:00,15809.83,15899.49,15874.92,15825.47,1140.20065459
2022-11-22 02:00:00,15747.78,15893.44,15791.32,15874.58,1294.8899966
2022-11-22 01:00:00,15779.27,15879.02,15843.82,15791.31,1262.70726458
2022-11-22 00:00:00,15726.6,15947.92,15758.96,15844.44,2617.90537727
2022-11-21 23:00:00,15711.44,15840.39,15722.6,15760.14,1533.02995312
2022-11-21 22:00:00,15594.75,15852.53,15630.7,15722.59,3329.93660952
2022-11-21 21:00:00,15460,15834.57,15764.31,15632.81,3475.96922475
2022-11-21 20:00:00,15695.05,15872.43,15708.1,15766.93,3502.83331429
2022-11-21 19:00:00,15580,15984.99,15946.6,15708.36,3725.19566682
2022-11-21 18:00:00,15903.83,16015.27,15988.98,15947.35,2136.62443957
2022-11-21 17:00:00,15958.52,16057.11,16012.47,15990.39,1741.05566634
2022-11-21 16:00:00,15888.67,16116.98,16108.55,16011.47,2341.87758186
2022-11-21 15:00:00,16086.36,16154.32,16142.67,16107.35,1442.8625597
2022-11-21 14:00:00,16125,16230.83,16149.72,16142.67,1287.68799677
2022-11-21 13:00:00,16072.95,16257,16087.84,16148.51,1181.86131118
2022-11-21 12:00:00,15996.28,16112.52,16059.55,16088.64,819.97902915
2022-11-21 11:00:00,16033.14,16132.13,16103.81,16057.98,574.70182423
2022-11-21 10:00:00,16030.09,16127.3,16085.26,16103.69,584.35384909
2022-11-21 09:00:00,15944.25,16146.4,16011.63,16086.46,993.55424454
2022-11-21 08:00:00,15966.27,16042.76,16009.32,16009.76,972.27844806
2022-11-21 07:00:00,15930.69,16121.59,16063.39,16009.72,1022.82466142
2022-11-21 06:00:00,16056.61,16225.97,16198.74,16063.45,725.61214762
2022-11-21 05:00:00,16108.22,16205.25,16118.68,16199.03,945.30636907
2022-11-21 04:00:00,16034.83,16279.99,16041.2,16118.71,2141.01290085
2022-11-21 03:00:00,15868.17,16068.38,15980.44,16042.16,1911.24006331
2022-11-21 02:00:00,15882.91,16187.48,16182.98,15980.44,3234.1542574
2022-11-21 01:00:00,16161.31,16250.34,16238.48,16182.97,1213.92806395
2022-11-21 00:00:00,16092.08,16265.41,16252.43,16235.41,2962.03785072
2022-11-20 23:00:00,16193.15,16295.47,16266.64,16252.53,2616.65436007
2022-11-20 22:00:00,16154.65,16331.66,16259.69,16268.29,2006.19980658
2022-11-20 21:00:00,16191.39,16517.14,16517.14,16256.26,2039.63576072
2022-11-20 20:00:00,16430,16572.68,16565.31,16518.77,784.06525373
2022-11-20 19:00:00,16529.48,16586.26,16565.91,16565.31,501.71001396
2022-11-20 18:00:00,16513.21,16567.18,16527.39,16565.53,420.88374101
2022-11-20 17:00:00,16511.57,16571.62,16566.22,16527.79,403.73248571
2022-11-20 16:00:00,16531.84,16570.84,16559.73,16565.45,401.02080139
2022-11-20 15:00:00,16513.27,16602.96,16527.25,16561.24,461.14735929
2022-11-20 14:00:00,16522.61,16571.41,16562.96,16530.5,254.25761834
2022-11-20 13:00:00,16492.78,16577,16500.83,16562.97,684.54161367
2022-11-20 12:00:00,16436.54,16558.99,16501.7,16501,1159.53445395
2022-11-20 11:00:00,16442.86,16613.7,16604.03,16503,1204.85772736
2022-11-20 10:00:00,16573.85,16657.67,16611.52,16604.73,395.17661175
2022-11-20 09:00:00,16575.09,16621.58,16595.94,16609.3,261.07206727
2022-11-20 08:00:00,16541.2,16714.42,16700.96,16597.07,748.06023297
2022-11-20 07:00:00,16660.73,16717.86,16667.87,16700.96,238.36652644
2022-11-20 06:00:00,16653.71,16674.66,16667.16,16669.01,188.10746933
2022-11-20 05:00:00,16648.56,16678.18,16662.76,16666.49,245.25187168
2022-11-20 04:00:00,16652.68,16676.98,16658.71,16662.82,288.17598484
2022-11-20 03:00:00,16648.23,16678.96,16665.46,16659.41,253.31153494
2022-11-20 02:00:00,16650,16691.04,16666.47,16664.86,260.39143626
2022-11-20 01:00:00,16653.35,16733.19,16700.83,16665.67,415.29315883
2022-11-20 00:00:00,16666.05,16719.69,16680.7,16702.02,453.74307031
2022-11-19 23:00:00,16670.16,16757.76,16720.06,16683.02,894.41391892
2022-11-19 22:00:00,16658.39,16802,16658.39,16717.53,963.93817087
2022-11-19 21:00:00,16615.62,16663.7,16617.23,16658.12,337.29273635
2022-11-19 20:00:00,16608.06,16631.87,16609.82,16616.73,285.02398587
2022-11-19 19:00:00,16603.27,16620.61,16606.79,16610.44,265.33515433
2022-11-19 18:00:00,16590.59,16626.66,16595.27,16606.79,277.54701522
2022-11-19 17:00:00,16588.36,16642.08,16638.41,16594.64,406.80206868
2022-11-19 16:00:00,16627,16647.75,16640.61,16636.76,291.00776708
2022-11-19 15:00:00,16626.5,16658.82,16632.45,16641.62,336.44244169
2022-11-19 14:00:00,16620.61,16648.48,16629.08,16632.76,320.3839403
2022-11-19 13:00:00,16612.56,16643.54,16631.64,16626.36,279.68821911
2022-11-19 12:00:00,16620.28,16665.05,16654.14,16633.4,261.72061263
2022-11-19 11:00:00,16618.33,16658.39,16618.33,16656.49,214.76612306
2022-11-19 10:00:00,16602.57,16629.05,16613.07,16619.94,214.70866167
2022-11-19 09:00:00,16602.68,16630.02,16619.62,16613.07,304.73737574
2022-11-19 08:00:00,16557.42,16639.61,16577.16,16619.53,439.49505322
2022-11-19 07:00:00,16576.9,16597.59,16587.3,16577.16,236.79337956
2022-11-19 06:00:00,16547.48,16601.3,16576.76,16587.3,236.27139486
2022-11-19 05:00:00,16534.83,16623.46,16615.71,16576.52,612.53722751
2022-11-19 04:00:00,16594.22,16630.05,16607.61,16615.2,305.98914851
2022-11-19 03:00:00,16590.77,16632.31,16603.32,16609.16,303.65806137
2022-11-19 02:00:00,16553.36,16647.65,16645.91,16605.98,907.23705665
2022-11-19 01:00:00,16631.63,16662.52,16645.24,16647.16,327.97312897
2022-11-19 00:00:00,16641.95,16689.57,16678.85,16645.31,372.2850588
2022-11-18 23:00:00,16608.65,16706.54,16645.46,16680.59,872.17658313
2022-11-18 22:00:00,16606.6,16653.29,16632.69,16645.42,559.37758047
2022-11-18 21:00:00,16607.38,16656.49,16615.05,16634.08,725.24427169
2022-11-18 20:00:00,16586.86,16666.69,16636.22,16612.42,1854.27187346
2022-11-18 19:00:00,16550.51,16656.48,16566.48,16636.2,1207.44876831
2022-11-18 18:00:00,16526.28,16592.24,16574.44,16568.45,1174.16742234
2022-11-18 17:00:00,16533.36,16649.22,16637.93,16576.16,2122.47968583
2022-11-18 16:00:00,16609.64,16716.88,16680.09,16637.1,1641.10052411
2022-11-18 15:00:00,16592.86,16701.27,16684.31,16678.78,1949.89962559
2022-11-18 14:00:00,16635.15,16768.74,16738.23,16684.31,1645.57664751
2022-11-18 13:00:00,16714.32,16803.71,16761.36,16738.23,965.95377547
2022-11-18 12:00:00,16728.84,16776.58,16735.08,16761.36,675.83223318
2022-11-18 11:00:00,16697.07,16770.98,16752.69,16732.59,571.36566424
2022-11-18 10:00:00,16708.23,16838.35,16728.54,16752.71,887.59746795
2022-11-18 09:00:00,16707.11,16749.24,16725.27,16728.55,448.29407508
2022-11-18 08:00:00,16655.67,16731.97,16728.08,16725.45,624.0560237
2022-11-18 07:00:00,16708.8,16786.23,16778.39,16728.08,722.08828334
2022-11-18 06:00:00,16727.1,16807.46,16792.52,16778.39,537.4401865
2022-11-18 05:00:00,16768.45,16832.91,16791.66,16792.43,501.65258066
2022-11-18 04:00:00,16756.94,16849.99,16839.65,16791.62,1361.06843057
2022-11-18 03:00:00,16831.07,16934.75,16906.09,16839.23,976.4885881
2022-11-18 02:00:00,16828.16,16966.96,16877.45,16906,961.39818325
2022-11-18 01:00:00,16841.04,16984.08,16938.61,16877.5,1203.1030575
2022-11-18 00:00:00,16669.31,16951.22,16680.47,16935.04,2782.26252551
2022-11-17 23:00:00,16637.16,16718.05,16700.37,16680.47,1238.44945687
2022-11-17 22:00:00,16655.04,16721.98,16683.44,16700.08,1096.68777179
2022-11-17 21:00:00,16671.32,16736.7,16683.93,16683.44,735.91044627
2022-11-17 20:00:00,16595.29,16691.06,16606.85,16684.4,1049.15316239
2022-11-17 19:00:00,16589.59,16703.23,16691.63,16606.84,1199.24901136
2022-11-17 18:00:00,16658,16732.67,16680.28,16691.64,1320.7067614
2022-11-17 17:00:00,16603,16694.03,16642.47,16680.3,1440.11280246
2022-11-17 16:00:00,16500.09,16669.66,16524.42,16642.48,1607.59421056
2022-11-17 15:00:00,16482.23,16699,16496.02,16525.91,1615.47368079
2022-11-17 14:00:00,16443.16,16536.2,16478.37,16496.1,664.17132291
2022-11-17 13:00:00,16416.85,16571.59,16567.07,16478.47,1037.11892728
2022-11-17 12:00:00,16534.94,16594.85,16583.28,16568.11,484.3140405
2022-11-17 11:00:00,16512.2,16604.2,16515.32,16583.28,390.42456349
2022-11-17 10:00:00,16490.41,16545.22,16509.83,16515.8,342.17796326
2022-11-17 09:00:00,16460,16571.65,16559.14,16510.17,760.40179376
2022-11-17 08:00:00,16551.01,16623.34,16599.43,16559.81,455.70636158
2022-11-17 07:00:00,16518.82,16606.25,16552.24,16599.38,540.07536282
2022-11-17 06:00:00,16518,16602.66,16562.39,16552.23,613.66894383
2022-11-17 05:00:00,16482.18,16571.95,16488.66,16562.38,667.12521406
2022-11-17 04:00:00,16396,16522.08,16511.08,16486.77,1225.83184325
2022-11-17 03:00:00,16488.1,16595.01,16564.26,16511.08,858.87680261
2022-11-17 02:00:00,16562.71,16693.08,16682.62,16565.5,962.07362218
2022-11-17 01:00:00,16670.2,16728.88,16689.6,16682.17,792.76744367
2022-11-17 00:00:00,16640.34,16734.08,16646.58,16687.76,1386.70356527
2022-11-16 23:00:00,16613.85,16755.43,16652.39,16645.24,2110.2471411
2022-11-16 22:00:00,16481.74,16681.84,16530.19,16653.11,1142.7139898
2022-11-16 21:00:00,16514.15,16597.04,16564.07,16527.86,1036.40997343
2022-11-16 20:00:00,16503.15,16581.15,16536.25,16562.67,1138.8001184
2022-11-16 19:00:00,16429.2,16547.17,16531.14,16537.67,1869.04387848
2022-11-16 18:00:00,16485,16625.96,16561.38,16531.16,1747.84862102
2022-11-16 17:00:00,16473.42,16619.69,16480.74,16561.33,1710.51136435
